,Ward_Code,Borough,Names,Av_GCSE_Points
0,E09000001,City of London,City of London,354.5
1,E05000026,Barking and Dagenham,Abbey,317.65775862068966
2,E05000027,Barking and Dagenham,Alibon,307.44573170731707
3,E05000028,Barking and Dagenham,Becontree,295.4513812154696
4,E05000029,Barking and Dagenham,Chadwell Heath,293.43783783783783
5,E05000030,Barking and Dagenham,Eastbrook,305.94827586206895
6,E05000031,Barking and Dagenham,Eastbury,315.6670658682635
7,E05000032,Barking and Dagenham,Gascoigne,300.6715328467153
8,E05000033,Barking and Dagenham,Goresbrook,302.22727272727275
9,E05000034,Barking and Dagenham,Heath,297.3286885245902
10,E05000035,Barking and Dagenham,Longbridge,337.7835227272727
11,E05000036,Barking and Dagenham,Mayesbrook,305.4440298507463
12,E05000037,Barking and Dagenham,Parsloes,312.2058394160584
13,E05000038,Barking and Dagenham,River,300.18928571428575
14,E05000039,Barking and Dagenham,Thames,306.9984732824427
15,E05000040,Barking and Dagenham,Valence,302.96492537313435
16,E05000041,Barking and Dagenham,Village,301.5692307692307
17,E05000042,Barking and Dagenham,Whalebone,310.8455284552846
18,E05000043,Barnet,Brunswick Park,339.3390557939914
19,E05000044,Barnet,Burnt Oak,313.546975088968
20,E05000045,Barnet,Childs Hill,335.65
21,E05000046,Barnet,Colindale,307.73081395348834
22,E05000047,Barnet,Coppetts,343.4721212121212
23,E05000048,Barnet,East Barnet,337.4255555555555
24,E05000049,Barnet,East Finchley,350.0976377952756
25,E05000050,Barnet,Edgware,326.7208333333333
26,E05000051,Barnet,Finchley Church End,360.74090909090904
27,E05000052,Barnet,Garden Suburb,368.5094117647059
28,E05000053,Barnet,Golders Green,342.0639705882353
29,E05000054,Barnet,Hale,325.59571428571434
30,E05000055,Barnet,Hendon,352.6848684210526
31,E05000056,Barnet,High Barnet,353.3846715328467
32,E05000057,Barnet,Mill Hill,352.8417721518988
33,E05000058,Barnet,Oakleigh,346.8614864864865
34,E05000059,Barnet,Totteridge,368.8777327935222
35,E05000060,Barnet,Underhill,320.30231884057974
36,E05000061,Barnet,West Finchley,368.8980392156863
37,E05000062,Barnet,West Hendon,340.3444444444444
38,E05000063,Barnet,Woodhouse,356.6886075949367
39,E05000064,Bexley,Barnehurst,326.29824561403507
40,E05000065,Bexley,Belvedere,306.139263803681
41,E05000066,Bexley,Blackfen and Lamorbey,332.83851851851847
42,E05000067,Bexley,Blendon and Penhill,340.1451851851852
43,E05000068,Bexley,Brampton,325.36168224299064
44,E05000069,Bexley,Christchurch,342.87401574803147
45,E05000070,Bexley,Colyers,298.29692307692306
46,E05000071,Bexley,Crayford,301.3769784172662
47,E05000072,Bexley,Cray Meadows,324.9230215827338
48,E05000073,Bexley,Danson Park,337.00166666666667
49,E05000074,Bexley,East Wickham,331.87028985507243
50,E05000075,Bexley,Erith,312.2408
51,E05000076,Bexley,Falconwood and Welling,335.621052631579
52,E05000077,Bexley,Lesnes Abbey,303.01259259259257
53,E05000078,Bexley,Longlands,348.67403846153843
54,E05000079,Bexley,North End,285.7090909090909
55,E05000080,Bexley,Northumberland Heath,324.78986486486485
56,E05000081,Bexley,St. Mary's,358.70840336134455
57,E05000082,Bexley,St. Michael's,327.2227848101266
58,E05000083,Bexley,Sidcup,347.6792452830189
59,E05000084,Bexley,Thamesmead East,304.6108280254777
60,E05000085,Brent,Alperton,318.5683870967742
61,E05000086,Brent,Barnhill,321.5930635838151
62,E05000087,Brent,Brondesbury Park,354.56993464052283
63,E05000088,Brent,Dollis Hill,298.0899441340782
64,E05000089,Brent,Dudden Hill,311.50859375
65,E05000090,Brent,Fryent,326.9644295302013
66,E05000091,Brent,Harlesden,304.88221153846155
67,E05000092,Brent,Kensal Green,307.5737704918033
68,E05000093,Brent,Kenton,357.2243697478992
69,E05000094,Brent,Kilburn,319.2414285714285
70,E05000095,Brent,Mapesbury,314.08040201005025
71,E05000096,Brent,Northwick Park,345.73333333333335
72,E05000097,Brent,Preston,339.0653846153846
73,E05000098,Brent,Queens Park,345.8075
74,E05000099,Brent,Queensbury,331.98129032258066
75,E05000100,Brent,Stonebridge,298.5968253968254
76,E05000101,Brent,Sudbury,331.1682119205298
77,E05000102,Brent,Tokyngton,310.81216216216217
78,E05000103,Brent,Welsh Harp,315.7455782312925
79,E05000104,Brent,Wembley Central,305.72028985507245
80,E05000105,Brent,Willesden Green,296.6677419354839
81,E05000106,Bromley,Bickley,359.2688888888889
82,E05000107,Bromley,Biggin Hill,311.6208
83,E05000108,Bromley,Bromley Common and Keston,341.69166666666666
84,E05000109,Bromley,Bromley Town,339.73540856031127
85,E05000110,Bromley,Chelsfield and Pratts Bottom,363.74347826086955
86,E05000111,Bromley,Chislehurst,343.3982905982906
87,E05000112,Bromley,Clock House,338.1915492957746
88,E05000113,Bromley,Copers Cope,335.5402777777778
89,E05000114,Bromley,Cray Valley East,296.91249999999997
90,E05000115,Bromley,Cray Valley West,302.9659793814433
91,E05000116,Bromley,Crystal Palace,286.6927710843373
92,E05000117,Bromley,Darwin,337.3666666666667
93,E05000118,Bromley,Farnborough and Crofton,355.27619047619044
94,E05000119,Bromley,Hayes and Coney Hall,348.7661538461538
95,E05000120,Bromley,Kelsey and Eden Park,355.10674157303373
96,E05000121,Bromley,Mottingham and Chislehurst North,296.0565217391305
97,E05000122,Bromley,Orpington,328.55800000000005
98,E05000123,Bromley,Penge and Cator,323.3430303030303
99,E05000124,Bromley,Petts Wood and Knoll,357.2307692307692
100,E05000125,Bromley,Plaistow and Sundridge,327.05857142857144
101,E05000126,Bromley,Shortlands,381.04272727272723
102,E05000127,Bromley,West Wickham,369.83989361702135
103,E05000128,Camden,Belsize,327.5957142857143
104,E05000129,Camden,Bloomsbury,342.8888888888889
105,E05000130,Camden,Camden Town with Primrose Hill,337.659829059829
106,E05000131,Camden,Cantelowes,317.0329268292683
107,E05000132,Camden,Fortune Green,326.1701923076923
108,E05000133,Camden,Frognal and Fitzjohns,357.23478260869564
109,E05000134,Camden,Gospel Oak,323.3616438356164
110,E05000135,Camden,Hampstead Town,384.34615384615387
111,E05000136,Camden,Haverstock,297.2104712041885
112,E05000137,Camden,Highgate,316.031746031746
113,E05000138,Camden,Holborn and Covent Garden,339.00625
114,E05000139,Camden,Kentish Town,305.1567010309278
115,E05000140,Camden,Kilburn,313.99133333333333
116,E05000141,Camden,King's Cross,322.04919354838705
117,E05000142,Camden,Regent's Park,319.78402366863907
118,E05000143,Camden,St. Pancras and Somers Town,313.5797297297297
119,E05000144,Camden,Swiss Cottage,305.1346534653465
120,E05000145,Camden,West Hampstead,328.30842105263156
121,E05000146,Croydon,Addiscombe,318.2655629139073
122,E05000147,Croydon,Ashburton,320.07016574585634
123,E05000148,Croydon,Bensham Manor,311.7073891625616
124,E05000149,Croydon,Broad Green,309.4956862745098
125,E05000150,Croydon,Coulsdon East,335.0186046511627
126,E05000151,Croydon,Coulsdon West,352.3064102564103
127,E05000152,Croydon,Croham,341.1949152542373
128,E05000153,Croydon,Fairfield,317.3410256410256
129,E05000154,Croydon,Fieldway,275.95
130,E05000155,Croydon,Heathfield,309.4560810810811
131,E05000156,Croydon,Kenley,330.12751677852356
132,E05000157,Croydon,New Addington,289.81646341463414
133,E05000158,Croydon,Norbury,326.75124999999997
134,E05000159,Croydon,Purley,345.9036231884058
135,E05000160,Croydon,Sanderstead,346.8307692307692
136,E05000161,Croydon,Selhurst,316.709
137,E05000162,Croydon,Selsdon and Ballards,339.69615384615383
138,E05000163,Croydon,Shirley,319.24237288135595
139,E05000164,Croydon,South Norwood,318.87615384615384
140,E05000165,Croydon,Thornton Heath,297.80663507109006
141,E05000166,Croydon,Upper Norwood,318.4347826086956
142,E05000167,Croydon,Waddon,304.6142857142857
143,E05000168,Croydon,West Thornton,317.6928870292887
144,E05000169,Croydon,Woodside,299.34245810055864
145,E05000170,Ealing,Acton Central,335.71366906474816
146,E05000171,Ealing,Cleveland,338.87651006711405
147,E05000172,Ealing,Dormers Wells,308.4539877300613
148,E05000173,Ealing,Ealing Broadway,349.33577981651376
149,E05000174,Ealing,Ealing Common,338.94552238805966
150,E05000175,Ealing,East Acton,305.91632653061225
151,E05000176,Ealing,Elthorne,313.4022900763359
152,E05000177,Ealing,Greenford Broadway,315.4
153,E05000178,Ealing,Greenford Green,324.8804195804196
154,E05000179,Ealing,Hanger Hill,330.23333333333335
155,E05000180,Ealing,Hobbayne,327.97068062827225
156,E05000181,Ealing,Lady Margaret,337.0518918918919
157,E05000182,Ealing,Northfield,379.5397590361446
158,E05000183,Ealing,North Greenford,323.1869822485207
159,E05000184,Ealing,Northolt Mandeville,302.83103448275864
160,E05000185,Ealing,Northolt West End,319.8985074626865
161,E05000186,Ealing,Norwood Green,309.14939759036145
162,E05000187,Ealing,Perivale,339.7912751677852
163,E05000188,Ealing,South Acton,320.6519230769231
164,E05000189,Ealing,Southall Broadway,315.49999999999994
165,E05000190,Ealing,Southall Green,305.7556074766355
166,E05000191,Ealing,Southfield,350.5364583333333
167,E05000192,Ealing,Walpole,371.26
168,E05000193,Enfield,Bowes,329.8356643356644
169,E05000194,Enfield,Bush Hill Park,353.37164179104474
170,E05000195,Enfield,Chase,317.017610062893
171,E05000196,Enfield,Cockfosters,339.70522388059703
172,E05000197,Enfield,Edmonton Green,293.6270072992701
173,E05000198,Enfield,Enfield Highway,311.2858974358974
174,E05000199,Enfield,Enfield Lock,303.43536585365854
175,E05000200,Enfield,Grange,364.48947368421057
176,E05000201,Enfield,Haselbury,307.47381974248924
177,E05000202,Enfield,Highlands,346.97642857142864
178,E05000203,Enfield,Jubilee,310.3554404145077
179,E05000204,Enfield,Lower Edmonton,303.9780821917808
180,E05000205,Enfield,Palmers Green,336.5110236220473
181,E05000206,Enfield,Ponders End,313.527802690583
182,E05000207,Enfield,Southbury,327.2457446808511
183,E05000208,Enfield,Southgate,360.5901408450704
184,E05000209,Enfield,Southgate Green,348.4811965811966
185,E05000210,Enfield,Town,327.94375
186,E05000211,Enfield,Turkey Street,306.48530805687204
187,E05000212,Enfield,Upper Edmonton,290.8079295154185
188,E05000213,Enfield,Winchmore Hill,350.9736
189,E05000214,Greenwich,Abbey Wood,301.1487804878049
190,E05000215,Greenwich,Blackheath Westcombe,327.4127659574468
191,E05000216,Greenwich,Charlton,316.15277777777777
192,E05000217,Greenwich,Coldharbour and New Eltham,319.46442953020136
193,E05000218,Greenwich,Eltham North,339.04418604651164
194,E05000219,Greenwich,Eltham South,352.4731092436975
195,E05000220,Greenwich,Eltham West,310.88896103896104
196,E05000221,Greenwich,Glyndon,317.489847715736
197,E05000222,Greenwich,Greenwich West,310.8977064220184
198,E05000223,Greenwich,Kidbrooke with Hornfair,313.14836601307195
199,E05000224,Greenwich,Middle Park and Sutcliffe,329.25999999999993
200,E05000225,Greenwich,Peninsula,302.83711340206185
201,E05000226,Greenwich,Plumstead,305.55678391959793
202,E05000227,Greenwich,Shooters Hill,320.0586956521739
203,E05000228,Greenwich,Thamesmead Moorings,311.4607929515418
204,E05000229,Greenwich,Woolwich Common,313.03749999999997
205,E05000230,Greenwich,Woolwich Riverside,309.0051724137931
206,E05000231,Hackney,Brownswood,295.03409090909093
207,E05000232,Hackney,Cazenove,320.363829787234
208,E05000233,Hackney,Chatham,326.32272727272726
209,E05000234,Hackney,Clissold,345.56944444444446
210,E05000235,Hackney,Dalston,332.29708029197076
211,E05000236,Hackney,De Beauvoir,314.8584158415842
212,E05000237,Hackney,Hackney Central,327.9693069306931
213,E05000238,Hackney,Hackney Downs,318.03134328358215
214,E05000239,Hackney,Haggerston,295.3051401869159
215,E05000240,Hackney,Hoxton,322.5357798165137
216,E05000241,Hackney,King's Park,320.54726027397254
217,E05000242,Hackney,Leabridge,338.5455284552846
218,E05000243,Hackney,Lordship,335.90119047619044
219,E05000244,Hackney,New River,320.4537634408602
220,E05000245,Hackney,Queensbridge,294.43220338983053
221,E05000246,Hackney,Springfield,331.8378947368421
222,E05000247,Hackney,Stoke Newington Central,327.71789473684214
223,E05000248,Hackney,Victoria,320.59491525423726
224,E05000249,Hackney,Wick,310.62213740458014
225,E05000250,Hammersmith and Fulham,Addison,330.52363636363634
226,E05000251,Hammersmith and Fulham,Askew,312.81840490797543
227,E05000252,Hammersmith and Fulham,Avonmore and Brook Green,343.1041666666667
228,E05000253,Hammersmith and Fulham,College Park and Old Oak,317.3738317757009
229,E05000254,Hammersmith and Fulham,Fulham Broadway,294.339
230,E05000255,Hammersmith and Fulham,Fulham Reach,343.06716417910445
231,E05000256,Hammersmith and Fulham,Hammersmith Broadway,325.368085106383
232,E05000257,Hammersmith and Fulham,Munster,279.8714285714286
233,E05000258,Hammersmith and Fulham,North End,300.03873873873874
234,E05000259,Hammersmith and Fulham,Palace Riverside,309.3261904761905
235,E05000260,Hammersmith and Fulham,Parsons Green and Walham,321.2629629629629
236,E05000261,Hammersmith and Fulham,Ravenscourt Park,339.52043010752686
237,E05000262,Hammersmith and Fulham,Sands End,321.3060606060606
238,E05000263,Hammersmith and Fulham,Shepherd's Bush Green,331.87211538461537
239,E05000264,Hammersmith and Fulham,Town,333.85769230769233
240,E05000265,Hammersmith and Fulham,Wormholt and White City,308.50503597122304
241,E05000266,Haringey,Alexandra,382.01509433962264
242,E05000267,Haringey,Bounds Green,335.0286821705426
243,E05000268,Haringey,Bruce Grove,298.7234899328859
244,E05000269,Haringey,Crouch End,366.27346938775514
245,E05000270,Haringey,Fortis Green,375.21623616236167
246,E05000271,Haringey,Harringay,302.7841463414634
247,E05000272,Haringey,Highgate,315.8032786885246
248,E05000273,Haringey,Hornsey,329.3927272727273
249,E05000274,Haringey,Muswell Hill,374.52467532467534
250,E05000275,Haringey,Noel Park,302.0908396946565
251,E05000276,Haringey,Northumberland Park,292.7917525773196
252,E05000277,Haringey,St. Ann's,304.70101010101007
253,E05000278,Haringey,Seven Sisters,319.5840490797546
254,E05000279,Haringey,Stroud Green,334.96419753086417
255,E05000280,Haringey,Tottenham Green,292.40142857142854
256,E05000281,Haringey,Tottenham Hale,300.87931034482756
257,E05000282,Haringey,West Green,309.42903225806447
258,E05000283,Haringey,White Hart Lane,314.78544600938966
259,E05000284,Haringey,Woodside,300.5747899159664
260,E05000285,Harrow,Belmont,356.1208
261,E05000286,Harrow,Canons,340.920652173913
262,E05000287,Harrow,Edgware,334.21196581196574
263,E05000288,Harrow,Greenhill,318.22253521126754
264,E05000289,Harrow,Harrow on the Hill,343.2457446808511
265,E05000290,Harrow,Harrow Weald,323.85
266,E05000291,Harrow,Hatch End,351.3263157894737
267,E05000292,Harrow,Headstone North,359.53411764705885
268,E05000293,Harrow,Headstone South,351.0018518518518
269,E05000294,Harrow,Kenton East,337.04615384615386
270,E05000295,Harrow,Kenton West,342.08620689655174
271,E05000296,Harrow,Marlborough,322.78
272,E05000297,Harrow,Pinner,332.28026315789475
273,E05000298,Harrow,Pinner South,368.6133333333334
274,E05000299,Harrow,Queensbury,331.56706586826346
275,E05000300,Harrow,Rayners Lane,349.81221374045805
276,E05000301,Harrow,Roxbourne,321.0435754189944
277,E05000302,Harrow,Roxeth,335.3452380952381
278,E05000303,Harrow,Stanmore Park,313.1227272727273
279,E05000304,Harrow,Wealdstone,314.73540372670806
280,E05000305,Harrow,West Harrow,357.01171171171165
281,E05000306,Havering,Brooklands,307.2579268292683
282,E05000307,Havering,Cranham,336.5381294964029
283,E05000308,Havering,Elm Park,321.85187499999995
284,E05000309,Havering,Emerson Park,351.75109489051096
285,E05000310,Havering,Gooshays,284.40792079207915
286,E05000311,Havering,Hacton,340.83656716417914
287,E05000312,Havering,Harold Wood,292.29615384615386
288,E05000313,Havering,Havering Park,290.78025477707007
289,E05000314,Havering,Heaton,298.47169811320754
290,E05000315,Havering,Hylands,340.5527472527472
291,E05000316,Havering,Mawneys,313.1313725490196
292,E05000317,Havering,Pettits,321.50898203592817
293,E05000318,Havering,Rainham and Wennington,304.17290322580646
294,E05000319,Havering,Romford Town,314.15617283950616
295,E05000320,Havering,St. Andrew's,328.0074324324324
296,E05000321,Havering,South Hornchurch,304.62266009852215
297,E05000322,Havering,Squirrel's Heath,334.74603174603175
298,E05000323,Havering,Upminster,352.05875
299,E05000324,Hillingdon,Barnhill,317.07748691099476
300,E05000325,Hillingdon,Botwell,312.1303921568628
301,E05000326,Hillingdon,Brunel,294.1978723404255
302,E05000327,Hillingdon,Cavendish,347.0140845070423
303,E05000328,Hillingdon,Charville,334.02485207100597
304,E05000329,Hillingdon,Eastcote and East Ruislip,350.92892561983473
305,E05000330,Hillingdon,Harefield,306.9423529411765
306,E05000331,Hillingdon,Heathrow Villages,319.92672413793105
307,E05000332,Hillingdon,Hillingdon East,326.54431818181814
308,E05000333,Hillingdon,Ickenham,366.8240601503759
309,E05000334,Hillingdon,Manor,350.6961904761905
310,E05000335,Hillingdon,Northwood,338.5870370370371
311,E05000336,Hillingdon,Northwood Hills,332.4449612403101
312,E05000337,Hillingdon,Pinkwell,326.050462962963
313,E05000338,Hillingdon,South Ruislip,327.4815068493151
314,E05000339,Hillingdon,Townfield,308.6235294117647
315,E05000340,Hillingdon,Uxbridge North,344.98080000000004
316,E05000341,Hillingdon,Uxbridge South,309.1523809523809
317,E05000342,Hillingdon,West Drayton,293.31830985915497
318,E05000343,Hillingdon,West Ruislip,340.4972727272727
319,E05000344,Hillingdon,Yeading,314.47027027027025
320,E05000345,Hillingdon,Yiewsley,289.70238095238096
321,E05000346,Hounslow,Bedfont,313.5028368794326
322,E05000347,Hounslow,Brentford,330.8105263157895
323,E05000348,Hounslow,Chiswick Homefields,345.4958904109589
324,E05000349,Hounslow,Chiswick Riverside,355.5340425531915
325,E05000350,Hounslow,Cranford,314.57278481012656
326,E05000351,Hounslow,Feltham North,318.9243902439024
327,E05000352,Hounslow,Feltham West,309.4455497382198
328,E05000353,Hounslow,Hanworth,292.76531791907513
329,E05000354,Hounslow,Hanworth Park,316.64814814814815
330,E05000355,Hounslow,Heston Central,333.7193548387097
331,E05000356,Hounslow,Heston East,337.16906474820144
332,E05000357,Hounslow,Heston West,323.21046511627907
333,E05000358,Hounslow,Hounslow Central,344.98055555555555
334,E05000359,Hounslow,Hounslow Heath,340.1679487179487
335,E05000360,Hounslow,Hounslow South,342.87152777777777
336,E05000361,Hounslow,Hounslow West,331.0604477611941
337,E05000362,Hounslow,Isleworth,315.8119266055046
338,E05000363,Hounslow,Osterley and Spring Grove,367.02962962962965
339,E05000364,Hounslow,Syon,318.48854961832063
340,E05000365,Hounslow,Turnham Green,343.6392857142857
341,E05000366,Islington,Barnsbury,320.4018018018018
342,E05000367,Islington,Bunhill,324.1555555555556
343,E05000368,Islington,Caledonian,311.99134615384617
344,E05000369,Islington,Canonbury,310.41958041958037
345,E05000370,Islington,Clerkenwell,300.6125
346,E05000371,Islington,Finsbury Park,309.8406504065041
347,E05000372,Islington,Highbury East,343.0347826086956
348,E05000373,Islington,Highbury West,322.6128048780488
349,E05000374,Islington,Hillrise,315.80504201680674
350,E05000375,Islington,Holloway,312.1593220338983
351,E05000376,Islington,Junction,334.5345238095238
352,E05000377,Islington,Mildmay,329.6050314465409
353,E05000378,Islington,St. George's,328.53239436619725
354,E05000379,Islington,St. Mary's,331.07076923076926
355,E05000380,Islington,St. Peter's,302.41538461538465
356,E05000381,Islington,Tollington,325.5853211009174
357,E05000382,Kensington and Chelsea,Abingdon,356.96666666666664
358,E05000383,Kensington and Chelsea,Brompton,355.6
359,E05000384,Kensington and Chelsea,Campden,291.1
360,E05000385,Kensington and Chelsea,Colville,311.09900990099004
361,E05000386,Kensington and Chelsea,Courtfield,344.08235294117645
362,E05000387,Kensington and Chelsea,Cremorne,311.65865384615375
363,E05000388,Kensington and Chelsea,Earl's Court,359.2344827586207
364,E05000389,Kensington and Chelsea,Golborne,314.427027027027
365,E05000390,Kensington and Chelsea,Hans Town,337.78888888888883
366,E05000391,Kensington and Chelsea,Holland,365.35593220338984
367,E05000392,Kensington and Chelsea,Norland,323.0333333333333
368,E05000393,Kensington and Chelsea,Notting Barns,330.34999999999997
369,E05000394,Kensington and Chelsea,Pembridge,385.57142857142856
370,E05000395,Kensington and Chelsea,Queen's Gate,376.825
371,E05000396,Kensington and Chelsea,Redcliffe,342.25
372,E05000397,Kensington and Chelsea,Royal Hospital,366.15999999999997
373,E05000398,Kensington and Chelsea,St. Charles,330.48089887640447
374,E05000399,Kensington and Chelsea,Stanley,344.5
375,E05000400,Kingston upon Thames,Alexandra,353.31044776119404
376,E05000401,Kingston upon Thames,Berrylands,342.6675324675325
377,E05000402,Kingston upon Thames,Beverley,372.30442477876113
378,E05000403,Kingston upon Thames,Canbury,367.5393617021276
379,E05000404,Kingston upon Thames,Chessington North and Hook,307.125
380,E05000405,Kingston upon Thames,Chessington South,321.3278195488722
381,E05000406,Kingston upon Thames,Coombe Hill,339.7795081967213
382,E05000407,Kingston upon Thames,Coombe Vale,367.0220930232558
383,E05000408,Kingston upon Thames,Grove,324.7617283950617
384,E05000409,Kingston upon Thames,Norbiton,308.36279069767437
385,E05000410,Kingston upon Thames,Old Malden,347.0412698412698
386,E05000411,Kingston upon Thames,St. James,354.97362637362636
387,E05000412,Kingston upon Thames,St. Mark's,336.4026666666667
388,E05000413,Kingston upon Thames,Surbiton Hill,361.64787234042547
389,E05000414,Kingston upon Thames,Tolworth and Hook Rise,337.52521008403363
390,E05000415,Kingston upon Thames,Tudor,378.93980582524273
391,E05000416,Lambeth,Bishop's,324.834693877551
392,E05000417,Lambeth,Brixton Hill,312.478431372549
393,E05000418,Lambeth,Clapham Common,296.1657894736842
394,E05000419,Lambeth,Clapham Town,311.4953125
395,E05000420,Lambeth,Coldharbour,305.59615384615387
396,E05000421,Lambeth,Ferndale,313.00105820105824
397,E05000422,Lambeth,Gipsy Hill,314.2944881889764
398,E05000423,Lambeth,Herne Hill,324.49426229508197
399,E05000424,Lambeth,Knight's Hill,322.1412162162162
400,E05000425,Lambeth,Larkhall,308.9
401,E05000426,Lambeth,Oval,321.50309278350517
402,E05000427,Lambeth,Prince's,333.520792079208
403,E05000428,Lambeth,St. Leonard's,341.06875
404,E05000429,Lambeth,Stockwell,313.66721311475413
405,E05000430,Lambeth,Streatham Hill,316.49568965517244
406,E05000431,Lambeth,Streatham South,327.6622377622378
407,E05000432,Lambeth,Streatham Wells,310.97232142857143
408,E05000433,Lambeth,Thornton,319.16902173913047
409,E05000434,Lambeth,Thurlow Park,304.7932584269663
410,E05000435,Lambeth,Tulse Hill,291.9833333333333
411,E05000436,Lambeth,Vassall,317.2514925373135
412,E05000437,Lewisham,Bellingham,294.5421875
413,E05000438,Lewisham,Blackheath,295.5715053763441
414,E05000439,Lewisham,Brockley,311.9791304347826
415,E05000440,Lewisham,Catford South,311.4160427807487
416,E05000441,Lewisham,Crofton Park,314.3884955752213
417,E05000442,Lewisham,Downham,290.46723163841807
418,E05000443,Lewisham,Evelyn,305.2361111111111
419,E05000444,Lewisham,Forest Hill,333.01
420,E05000445,Lewisham,Grove Park,308.20212765957444
421,E05000446,Lewisham,Ladywell,319.495867768595
422,E05000447,Lewisham,Lee Green,334.2216494845361
423,E05000448,Lewisham,Lewisham Central,303.43458646616546
424,E05000449,Lewisham,New Cross,299.00640000000004
425,E05000450,Lewisham,Perry Vale,313.5038461538461
426,E05000451,Lewisham,Rushey Green,300.7135714285714
427,E05000452,Lewisham,Sydenham,308.166
428,E05000453,Lewisham,Telegraph Hill,312.8092024539877
429,E05000454,Lewisham,Whitefoot,302.2232227488152
430,E05000455,Merton,Abbey,332.4018691588785
431,E05000456,Merton,Cannon Hill,364.1669902912621
432,E05000457,Merton,Colliers Wood,335.3820895522388
433,E05000458,Merton,Cricket Green,296.0496732026144
434,E05000459,Merton,Dundonald,391.603125
435,E05000460,Merton,Figge's Marsh,315.5824
436,E05000461,Merton,Graveney,332.8779069767442
437,E05000462,Merton,Hillside,372.340625
438,E05000463,Merton,Lavender Fields,301.1450819672131
439,E05000464,Merton,Longthornton,319.2923076923077
440,E05000465,Merton,Lower Morden,334.6595238095238
441,E05000466,Merton,Merton Park,380.66999999999996
442,E05000467,Merton,Pollards Hill,312.97160493827164
443,E05000468,Merton,Ravensbury,312.6198347107438
444,E05000469,Merton,Raynes Park,341.0297297297298
445,E05000470,Merton,St. Helier,329.55000000000007
446,E05000471,Merton,Trinity,342.7133333333333
447,E05000472,Merton,Village,388.675
448,E05000473,Merton,West Barnes,363.3811320754717
449,E05000474,Merton,Wimbledon Park,340.4986666666666
450,E05000475,Newham,Beckton,305.8
451,E05000476,Newham,Boleyn,325.20957446808507
452,E05000477,Newham,Canning Town North,306.0559322033898
453,E05000478,Newham,Canning Town South,299.0376963350785
454,E05000479,Newham,Custom House,299.1942408376963
455,E05000480,Newham,East Ham Central,310.5708860759494
456,E05000481,Newham,East Ham North,323.15868263473055
457,E05000482,Newham,East Ham South,311.5045643153527
458,E05000483,Newham,Forest Gate North,330.62897727272735
459,E05000484,Newham,Forest Gate South,315.8967532467533
460,E05000485,Newham,Green Street East,316.2885869565218
461,E05000486,Newham,Green Street West,320.9536912751677
462,E05000487,Newham,Little Ilford,314.6870192307692
463,E05000488,Newham,Manor Park,328.8079787234043
464,E05000489,Newham,Plaistow North,318.8994594594595
465,E05000490,Newham,Plaistow South,313.9185393258427
466,E05000491,Newham,Royal Docks,305.5415178571429
467,E05000492,Newham,Stratford and New Town,308.87416666666667
468,E05000493,Newham,Wall End,302.51275510204084
469,E05000494,Newham,West Ham,307.5491017964072
470,E05000495,Redbridge,Aldborough,339.97853403141363
471,E05000496,Redbridge,Barkingside,357.15259259259255
472,E05000497,Redbridge,Bridge,322.74275362318843
473,E05000498,Redbridge,Chadwell,328.64170854271356
474,E05000499,Redbridge,Church End,343.69935897435903
475,E05000500,Redbridge,Clayhall,372.22966507177034
476,E05000501,Redbridge,Clementswood,330.4644578313253
477,E05000502,Redbridge,Cranbrook,355.088275862069
478,E05000503,Redbridge,Fairlop,324.25857142857143
479,E05000504,Redbridge,Fullwell,332.959880239521
480,E05000505,Redbridge,Goodmayes,318.71202531645577
481,E05000506,Redbridge,Hainault,304.6393939393939
482,E05000507,Redbridge,Loxford,339.7470588235294
483,E05000508,Redbridge,Mayfield,338.61185567010307
484,E05000509,Redbridge,Monkhams,369.77763157894736
485,E05000510,Redbridge,Newbury,347.62478991596635
486,E05000511,Redbridge,Roding,330.1154545454546
487,E05000512,Redbridge,Seven Kings,332.24476744186046
488,E05000513,Redbridge,Snaresbrook,370.8500000000001
489,E05000514,Redbridge,Valentines,341.01231884057967
490,E05000515,Redbridge,Wanstead,343.9020408163265
491,E05000516,Richmond upon Thames,Barnes,327.7827160493827
492,E05000517,Richmond upon Thames,East Sheen,396.2131578947368
493,E05000518,Richmond upon Thames,Fulwell and Hampton Hill,373.65833333333336
494,E05000519,Richmond upon Thames,"Ham, Petersham & Richmond Riverside",337.5187878787879
495,E05000520,Richmond upon Thames,Hampton,342.7931034482759
496,E05000521,Richmond upon Thames,Hampton North,310.3510869565217
497,E05000522,Richmond upon Thames,Hampton Wick,374.44805194805195
498,E05000523,Richmond upon Thames,Heathfield,324.38898305084746
499,E05000524,Richmond upon Thames,Kew,362.7915492957746
500,E05000525,Richmond upon Thames,Mortlake and Barnes Common,341.79189189189185
501,E05000526,Richmond upon Thames,North Richmond,359.55894736842106
502,E05000527,Richmond upon Thames,St. Margarets & North Twickenham,369.29249999999996
503,E05000528,Richmond upon Thames,South Richmond,361.4245614035088
504,E05000529,Richmond upon Thames,South Twickenham,375.63157894736844
505,E05000530,Richmond upon Thames,Teddington,378.2073529411765
506,E05000531,Richmond upon Thames,Twickenham Riverside,366.0779411764706
507,E05000532,Richmond upon Thames,West Twickenham,333.87699115044245
508,E05000533,Richmond upon Thames,Whitton,341.01666666666665
509,E05000534,Southwark,Brunswick Park,315.9298387096774
510,E05000535,Southwark,Camberwell Green,304.3804195804196
511,E05000536,Southwark,Cathedrals,312.8394366197183
512,E05000537,Southwark,Chaucer,318.2711111111111
513,E05000538,Southwark,College,324.0428571428571
514,E05000539,Southwark,East Dulwich,333.6666666666667
515,E05000540,Southwark,East Walworth,319.5195402298851
516,E05000541,Southwark,Faraday,319.8929133858268
517,E05000542,Southwark,Grange,322.12896174863386
518,E05000543,Southwark,Livesey,314.2777108433735
519,E05000544,Southwark,Newington,319.97040000000004
520,E05000545,Southwark,Nunhead,325.3381818181818
521,E05000546,Southwark,Peckham,320.98911917098445
522,E05000547,Southwark,Peckham Rye,330.4277227722772
523,E05000548,Southwark,Riverside,298.4731034482759
524,E05000549,Southwark,Rotherhithe,312.3794326241134
525,E05000550,Southwark,South Bermondsey,310.22499999999997
526,E05000551,Southwark,South Camberwell,325.406
527,E05000552,Southwark,Surrey Docks,319.0392523364486
528,E05000553,Southwark,The Lane,308.68550724637674
529,E05000554,Southwark,Village,356.8764705882353
530,E05000555,Sutton,Beddington North,340.68910256410254
531,E05000556,Sutton,Beddington South,320.171974522293
532,E05000557,Sutton,Belmont,369.4752380952381
533,E05000558,Sutton,Carshalton Central,360.29823008849553
534,E05000559,Sutton,Carshalton South and Clockhouse,359.5691056910569
535,E05000560,Sutton,Cheam,363.9583333333333
536,E05000561,Sutton,Nonsuch,357.1032258064516
537,E05000562,Sutton,St. Helier,311.3359756097561
538,E05000563,Sutton,Stonecot,351.0649681528662
539,E05000564,Sutton,Sutton Central,313.53956043956043
540,E05000565,Sutton,Sutton North,344.4742424242424
541,E05000566,Sutton,Sutton South,337.717037037037
542,E05000567,Sutton,Sutton West,352.0459627329193
543,E05000568,Sutton,The Wrythe,331.99781021897815
544,E05000569,Sutton,Wallington North,349.21351351351353
545,E05000570,Sutton,Wallington South,377.35
546,E05000571,Sutton,Wandle Valley,306.0933823529412
547,E05000572,Sutton,Worcester Park,336.25785123966944
548,E05000573,Tower Hamlets,Bethnal Green North,322.94178082191786
549,E05000574,Tower Hamlets,Bethnal Green South,308.91803278688525
550,E05000575,Tower Hamlets,Blackwall and Cubitt Town,305.3420233463035
551,E05000576,Tower Hamlets,Bow East,294.79262295081963
552,E05000577,Tower Hamlets,Bow West,323.12211538461537
553,E05000578,Tower Hamlets,Bromley-by-Bow,310.3418269230769
554,E05000579,Tower Hamlets,East India and Lansbury,290.34126213592236
555,E05000580,Tower Hamlets,Limehouse,309.4087719298245
556,E05000581,Tower Hamlets,Mile End and Globe Town,334.4534722222222
557,E05000582,Tower Hamlets,Mile End East,319.5439024390244
558,E05000583,Tower Hamlets,Millwall,312.9965648854962
559,E05000584,Tower Hamlets,St. Dunstan's and Stepney Green,324.7758793969849
560,E05000585,Tower Hamlets,St. Katherine's and Wapping,324.4409836065574
561,E05000586,Tower Hamlets,Shadwell,320.00115384615384
562,E05000587,Tower Hamlets,Spitalfields and Banglatown,338.3826923076923
563,E05000588,Tower Hamlets,Weavers,321.2176470588235
564,E05000589,Tower Hamlets,Whitechapel,324.46914893617026
565,E05000590,Waltham Forest,Cann Hall,311.71804511278197
566,E05000591,Waltham Forest,Cathall,311.6899082568807
567,E05000592,Waltham Forest,Chapel End,321.6454545454546
568,E05000593,Waltham Forest,Chingford Green,332.16481481481486
569,E05000594,Waltham Forest,Endlebury,341.823870967742
570,E05000595,Waltham Forest,Forest,307.2223076923077
571,E05000596,Waltham Forest,Grove Green,305.77849462365594
572,E05000597,Waltham Forest,Hale End and Highams Park,321.86012658227844
573,E05000598,Waltham Forest,Hatch Lane,325.6851351351351
574,E05000599,Waltham Forest,High Street,328.4623931623932
575,E05000600,Waltham Forest,Higham Hill,307.0747252747253
576,E05000601,Waltham Forest,Hoe Street,321.1685185185185
577,E05000602,Waltham Forest,Larkswood,311.89915966386553
578,E05000603,Waltham Forest,Lea Bridge,313.41971830985915
579,E05000604,Waltham Forest,Leyton,294.5675977653632
580,E05000605,Waltham Forest,Leytonstone,316.6333333333333
581,E05000606,Waltham Forest,Markhouse,300.903821656051
582,E05000607,Waltham Forest,Valley,318.52060606060604
583,E05000608,Waltham Forest,William Morris,317.5142857142857
584,E05000609,Waltham Forest,Wood Street,330.6602739726027
585,E05000610,Wandsworth,Balham,348.1929411764706
586,E05000611,Wandsworth,Bedford,347.62835820895526
587,E05000612,Wandsworth,Earlsfield,325.9819354838709
588,E05000613,Wandsworth,East Putney,316.0660550458715
589,E05000614,Wandsworth,Fairfield,339.78823529411767
590,E05000615,Wandsworth,Furzedown,339.7146892655367
591,E05000616,Wandsworth,Graveney,329.42549019607844
592,E05000617,Wandsworth,Latchmere,319.23161512027497
593,E05000618,Wandsworth,Nightingale,317.82643678160923
594,E05000619,Wandsworth,Northcote,341.88088235294117
595,E05000620,Wandsworth,Queenstown,314.68969696969697
596,E05000621,Wandsworth,Roehampton,297.2225490196078
597,E05000622,Wandsworth,St. Mary's Park,313.27000000000004
598,E05000623,Wandsworth,Shaftesbury,323.8282051282051
599,E05000624,Wandsworth,Southfields,338.0913043478261
600,E05000625,Wandsworth,Thamesfield,344.94310344827585
601,E05000626,Wandsworth,Tooting,322.4422764227642
602,E05000627,Wandsworth,Wandsworth Common,340.5347826086956
603,E05000628,Wandsworth,West Hill,308.89432624113476
604,E05000629,Wandsworth,West Putney,328.32567567567565
605,E05000630,Westminster,Abbey Road,329.06052631578945
606,E05000631,Westminster,Bayswater,344.1022222222222
607,E05000632,Westminster,Bryanston and Dorset Square,358.47058823529414
608,E05000633,Westminster,Churchill,343.50309278350517
609,E05000634,Westminster,Church Street,318.43774834437085
610,E05000635,Westminster,Harrow Road,332.9747252747253
611,E05000636,Westminster,Hyde Park,335.5081081081081
612,E05000637,Westminster,Knightsbridge and Belgravia,340.6666666666667
613,E05000638,Westminster,Lancaster Gate,348.97441860465113
614,E05000639,Westminster,Little Venice,303.9354838709678
615,E05000640,Westminster,Maida Vale,323.33706896551723
616,E05000641,Westminster,Marylebone High Street,390.1789473684211
617,E05000642,Westminster,Queen's Park,314.94722222222225
618,E05000643,Westminster,Regent's Park,296.6185185185185
619,E05000644,Westminster,St. James's,352.83947368421053
620,E05000645,Westminster,Tachbrook,368.0
621,E05000646,Westminster,Vincent Square,326.35862068965514
622,E05000647,Westminster,Warwick,310.16363636363633
623,E05000648,Westminster,Westbourne,338.5621848739496
624,E05000649,Westminster,West End,363.12800000000004
625,E12000007,,London,323.7
626,E92000001,,England,310.4
627,K04000001,,England and Wales,
